location,date,total_cases,total_deaths,people_vaccinated,total_cases_change_percentage,total_deaths_change_percentage,people_vaccinated_percentage,attention_score
1,Austria,2021-01-31,414398.0,7721.0,241633.0,0.8706967697720549,0.8058541639683979,0.021694056689276712,0.5660816634765765
2,Austria,2021-02-28,459440.0,8561.0,459221.0,0.9019632596204075,0.901880621422731,0.5261802051735439,0.7766746954055609
3,Austria,2021-03-31,546229.0,9339.0,1262612.0,0.8411124272054394,0.9166934361280651,0.3637071404358584,0.7071710012564543
4,Austria,2021-04-30,618870.0,10205.0,2359118.0,0.8826231680320584,0.915139637432631,0.5352051063151567,0.7776559705932821
5,Austria,2021-05-31,644815.0,10603.0,3707285.0,0.9597636531408233,0.9624634537395077,0.636346544708594,0.852857883862975
6,Austria,2021-06-30,650412.0,10702.0,4838933.0,0.9913946852149099,0.9907493926368903,0.7661368735628288,0.916093650471543
7,Austria,2021-07-31,659056.0,10737.0,5360434.0,0.9868842708358622,0.9967402440160193,0.902712914663253,0.9621124765050447
8,Austria,2021-08-31,688305.0,10772.0,5563762.0,0.9575057568955623,0.996750835499443,0.963454942896551,0.972570511763852
9,Austria,2021-09-30,743095.0,11009.0,5790946.0,0.9262678392399357,0.9784721591425197,0.9607691040462129,0.9551697008095562
10,Austria,2021-10-31,830981.0,11357.0,5959817.0,0.8942382557483264,0.9693581051333979,0.9716650695818345,0.945087143487853
11,Austria,2021-11-30,1159995.0,12492.0,6397636.0,0.7163660188190466,0.909141850784502,0.9315655032577659,0.8523577909537714
12,Austria,2021-12-31,1278619.0,13733.0,6636925.0,0.9072249043694799,0.9096337289740042,0.9639458032145911,0.9269348121860251
13,Austria,2022-01-27,1727661.0,14042.0,6740980.0,0.7400867415540433,0.9779945876655747,0.9845638171304469,0.9008817154500216
15,Belgium,2021-01-31,710153.0,21092.0,317732.0,0.9103615699715414,0.9258486630001896,0.0029616154494983195,0.6130572828070765
16,Belgium,2021-02-28,771511.0,22077.0,534410.0,0.920470349742259,0.9553834307197536,0.5945472577234707,0.8234670127284943
17,Belgium,2021-03-31,882453.0,23016.0,1434547.0,0.8742799899824694,0.9592022940563086,0.37252874949374265,0.7353370111775068
18,Belgium,2021-04-30,990229.0,24230.0,3109956.0,0.8911605295340774,0.9498968221213372,0.46127565791927605,0.767444336524897
19,Belgium,2021-05-31,1062001.0,24955.0,4751599.0,0.9324181427324456,0.970947705870567,0.6545072511379854,0.8526243665803327
20,Belgium,2021-06-30,1085131.0,25173.0,7256883.0,0.978684601214047,0.9913399277003139,0.654771339154841,0.8749319560230672
21,Belgium,2021-07-31,1124715.0,25241.0,8100947.0,0.9648053062331347,0.9973059704449111,0.8958067495071872,0.9526393420617443
22,Belgium,2021-08-31,1184664.0,25380.0,8471437.0,0.9493957780433946,0.9945232466509062,0.9562659794318249,0.9667283347087086
23,Belgium,2021-09-30,1244954.0,25602.0,8631022.0,0.9515725078998902,0.9913288024373096,0.9815103008658767,0.9748038704010256
24,Belgium,2021-10-31,1360650.0,25994.0,8748041.0,0.9149700510785287,0.9849195968300377,0.9866234051715121,0.9621710176933594
25,Belgium,2021-11-30,1766035.0,27015.0,8859379.0,0.7704547191873321,0.9622061817508791,0.9874327534695152,0.9066978848025755
26,Belgium,2021-12-31,2105343.0,28331.0,8919740.0,0.8388348121897478,0.9535491158095373,0.9932328745008263,0.9285389341667037
27,Belgium,2022-01-27,3007724.0,28938.0,9117416.0,0.6999787879472984,0.9790241205335545,0.9783188570094861,0.885773921830113
29,Bulgaria,2021-01-31,218748.0,9045.0,28041.0,0.9198712673944448,0.8308457711442786,0.16433080132662886,0.6383492799551175
30,Bulgaria,2021-02-28,247038.0,10191.0,175066.0,0.8854832050129939,0.8875478363261702,0.16017387728056848,0.6444016395399109
31,Bulgaria,2021-03-31,342633.0,13197.0,377440.0,0.7209988530001489,0.7722209593089339,0.46382471386180585,0.6523481753902962
32,Bulgaria,2021-04-30,404380.0,16399.0,602109.0,0.8473045155546763,0.8047441917190072,0.626863242369737,0.7596373165478069
33,Bulgaria,2021-05-31,418577.0,17700.0,805538.0,0.9660827040186154,0.926497175141243,0.7474619446878981,0.8800139412825855
34,Bulgaria,2021-06-30,421829.0,18061.0,955804.0,0.9922907149579568,0.980012180942362,0.8427857594234801,0.938362885107933
35,Bulgaria,2021-07-31,425054.0,18213.0,1028258.0,0.992412728735643,0.9916543128534563,0.9295371395116789,0.9712013937002594
36,Bulgaria,2021-08-31,455742.0,18896.0,0.0,0.9326636561914416,0.963854784081287,inf,inf
37,Bulgaria,2021-09-30,502162.0,20882.0,0.0,0.9075597118061502,0.9048941672253615,,0.9062269395157558
38,Bulgaria,2021-10-31,602492.0,23999.0,0.0,0.8334749673024704,0.8701195883161799,,0.8517972778093251
39,Bulgaria,2021-11-30,695057.0,28453.0,0.0,0.8668238719989871,0.8434611464520437,,0.8551425092255154
40,Bulgaria,2021-12-31,747108.0,30955.0,0.0,0.930330019220782,0.9191729930544339,,0.9247515061376079
41,Bulgaria,2022-01-28,933337.0,33088.0,0.0,0.8004697124404154,0.9355355415860735,,0.8680026270132445
43,Croatia,2021-01-29,231539.0,4972.0,0.0,0.9002630226441334,0.7763475462590507,inf,inf
44,Croatia,2021-02-25,241592.0,5489.0,135756.0,0.9583885227987682,0.905811623246493,0.0,0.6214000486817537
45,Croatia,2021-03-31,271632.0,5947.0,385724.0,0.8894092006832773,0.9229863796872373,0.3519511360454626,0.7214489054719925
46,Croatia,2021-04-30,332183.0,7081.0,702470.0,0.8177179446269075,0.8398531280892529,0.5490967585804376,0.7355559437655327
47,Croatia,2021-05-31,356181.0,8026.0,1280300.0,0.9326241433428509,0.8822576625965611,0.548676091541045,0.7878526324934857
48,Croatia,2021-06-29,359736.0,8205.0,1488707.0,0.9901177530188805,0.9781840341255332,0.8600080472517426,0.9427699447987189
49,Croatia,2021-07-31,363615.0,8259.0,1646466.0,0.9893321232622416,0.9934616781692699,0.9041832628186673,0.9623256880833929
50,Croatia,2021-08-30,373330.0,8331.0,1723136.0,0.9739774462271985,0.9913575801224342,0.9555055433813697,0.9736135232436675
51,Croatia,2021-09-30,404790.0,8640.0,1822966.0,0.9222806887521925,0.9642361111111111,0.9452375963128221,0.9439181320587086
52,Croatia,2021-10-31,470348.0,9220.0,1911657.0,0.860618095537772,0.9370932754880694,0.9536051708020843,0.917105513942642
53,Croatia,2021-11-30,608205.0,10899.0,2187524.0,0.7733379370442531,0.8459491696485916,0.8738907550271449,0.8310592872399966
54,Croatia,2021-12-31,715245.0,12538.0,2259393.0,0.8503449866828849,0.8692773967139895,0.9681910141352125,0.8959377991773624
55,Croatia,2022-01-27,909674.0,13625.0,2292446.0,0.78626518950745,0.9202201834862386,0.9855817759720403,0.8973557163219096
57,Czechia,2021-01-31,984774.0,16308.0,241316.0,0.7297725163336969,0.7100809418690214,0.04928392646985695,0.4963791282241918
58,Czechia,2021-02-28,1235480.0,20339.0,425104.0,0.7970780587302101,0.8018093318255568,0.5676634423576349,0.7221836109711339
59,Czechia,2021-03-31,1532332.0,26421.0,1219296.0,0.8062743582983322,0.7698043223193671,0.34864708815578827,0.6415752562578292
60,Czechia,2021-04-30,1630758.0,29267.0,2196511.0,0.9396440183031449,0.9027573717839205,0.5551058018830773,0.7991690639900476
61,Czechia,2021-05-31,1661272.0,30108.0,3922689.0,0.9816321469331933,0.9720672246578982,0.5599503299904733,0.8378832338605217
62,Czechia,2021-06-30,1667287.0,30303.0,5101224.0,0.996392342770021,0.9935649935649936,0.768970153045622,0.9196424964602121
63,Czechia,2021-07-31,1673576.0,30373.0,5680519.0,0.9962421784251209,0.9976953215026504,0.8980207618353182,0.9639860872543631
64,Czechia,2021-08-31,1679189.0,30404.0,5970558.0,0.9966573149300049,0.9989803973161426,0.9514217934069144,0.9823531685510206
65,Czechia,2021-09-30,1691489.0,30459.0,6099130.0,0.9927283003318378,0.9981942939689419,0.9789196164043068,0.9899474035683621
66,Czechia,2021-10-31,1762902.0,30753.0,6246627.0,0.959491225263798,0.9904399570773583,0.9763877369338685,0.9754396397583416
67,Czechia,2021-11-30,2150042.0,33069.0,6670360.0,0.8199384012033253,0.9299646194320965,0.9364752427155356,0.8954594211169858
68,Czechia,2021-12-31,2475729.0,36129.0,6827054.0,0.8684480409608645,0.9153034958066927,0.977048079596265,0.9202665387879407
69,Czechia,2022-01-28,2923680.0,37145.0,6922988.0,0.8467852158923002,0.9726477318616233,0.9861426886772012,0.9351918788103749
71,Denmark,2021-01-31,198472.0,2125.0,171228.0,0.823687976137692,0.6108235294117647,0.18765622444927232,0.540722576666243
72,Denmark,2021-02-28,211195.0,2361.0,407779.0,0.9397570965221714,0.9000423549343498,0.41990391854411335,0.7532344566668782
73,Denmark,2021-03-31,230603.0,2419.0,717021.0,0.9158380420029227,0.9760231500620091,0.5687127713135319,0.8201913211261546
74,Denmark,2021-04-30,250554.0,2483.0,1315796.0,0.9203724546405166,0.9742247281514297,0.5449332571310447,0.8131768133076637
75,Denmark,2021-05-31,281227.0,2516.0,2141227.0,0.8909315250669388,0.9868839427662957,0.6145056082330365,0.8307736920220904
76,Denmark,2021-06-30,293677.0,2534.0,3320119.0,0.9576064860373812,0.9928966061562746,0.6449247752866689,0.8651426224934416
77,Denmark,2021-07-31,316807.0,2549.0,4183050.0,0.9269902495841317,0.9941153393487642,0.793707701318416,0.904937763417104
78,Denmark,2021-08-31,345693.0,2584.0,4391648.0,0.9164403097546089,0.9864551083591331,0.9525012022821501,0.9517988734652972
79,Denmark,2021-09-30,358796.0,2656.0,4442462.0,0.9634806408098195,0.9728915662650602,0.988561747967681,0.974977985014187
80,Denmark,2021-10-31,387783.0,2714.0,4473165.0,0.9252494307383253,0.9786293294030951,0.9931361798636983,0.9656716466683729
81,Denmark,2021-11-30,487401.0,2895.0,4565339.0,0.795613878510713,0.9374784110535406,0.9798100425839132,0.9043007773827223
82,Denmark,2021-12-31,802397.0,3267.0,4803693.0,0.6074312341646342,0.8861340679522498,0.9503810922138446,0.8146487981102428
83,Denmark,2022-01-27,1582551.0,3674.0,4844813.0,0.5070275776262503,0.8892215568862275,0.9915125723118725,0.7959205689414501
85,Estonia,2021-01-31,44208.0,419.0,28079.0,0.63314332247557,0.5465393794749404,0.08814416467822928,0.42260895554291317
86,Estonia,2021-02-28,65600.0,589.0,78596.0,0.6739024390243903,0.7113752122241087,0.35725736678711384,0.580845006011871
87,Estonia,2021-03-31,106424.0,902.0,202952.0,0.616402315267233,0.6529933481152993,0.38726398360203396,0.5522198823281887
88,Estonia,2021-04-30,122019.0,1161.0,336640.0,0.8721920356665765,0.7769164513350559,0.602875475285171,0.7506613207622678
89,Estonia,2021-05-31,129544.0,1252.0,472337.0,0.9419116284814426,0.9273162939297125,0.7127114750697066,0.8606464658269539
90,Estonia,2021-06-30,131064.0,1269.0,559171.0,0.9884026124641396,0.9866036249014972,0.8447094001656023,0.9399052125104131
91,Estonia,2021-07-31,133557.0,1272.0,638312.0,0.9813338125294818,0.9976415094339622,0.8760151775307373,0.9516634998313939
92,Estonia,2021-08-31,141956.0,1292.0,726923.0,0.9408337794809659,0.9845201238390093,0.878101256941932,0.9344850534206358
93,Estonia,2021-09-30,156257.0,1357.0,758246.0,0.9084777001990311,0.9521002210759028,0.9586901876172113,0.9397560362973817
94,Estonia,2021-10-31,193969.0,1531.0,795609.0,0.8055771798586372,0.8863487916394513,0.9530384900120537,0.8816548205033806
95,Estonia,2021-11-30,222584.0,1800.0,827839.0,0.8714417927613844,0.8505555555555555,0.9610673089815773,0.8943548857661724
96,Estonia,2021-12-31,241408.0,1932.0,842302.0,0.9220241251325557,0.9316770186335404,0.982829199028377,0.9455101142648243
97,Estonia,2022-01-27,313685.0,2023.0,853687.0,0.7695873248641153,0.9550173010380623,0.9866637303836183,0.903756118761932
99,France,2021-01-31,3237858.0,76069.0,1674912.0,0.8217395574481648,0.8498074116920165,0.0013343984639192985,0.5576271225347001
100,France,2021-02-28,3797210.0,86440.0,3145599.0,0.8526939516118414,0.8800208236927348,0.5324620207470818,0.7550589320172193
101,France,2021-03-31,4686013.0,95653.0,8858541.0,0.8103285244833934,0.9036831045550061,0.3550922211682488,0.6897012834022161
102,France,2021-04-30,5658469.0,104528.0,16047401.0,0.8281414990521287,0.915094520128578,0.5520234086504101,0.7650864759437056
103,France,2021-05-31,5709432.0,109544.0,26388251.0,0.9910738931648543,0.9542101803841379,0.6081267379183258,0.8511369371557728
104,France,2021-06-30,5817787.0,111110.0,34560700.0,0.9813752205091042,0.9859058590585906,0.7635334643106187,0.9102715146261046
105,France,2021-07-31,6169957.0,111905.0,43030726.0,0.9429218064242587,0.9928957597962558,0.8031633024272005,0.9129936228825718
106,France,2021-08-31,6794224.0,114483.0,49036086.0,0.9081179837461938,0.9774813727802382,0.8775318242161497,0.9210437269141939
107,France,2021-09-30,7057937.0,116727.0,50835526.0,0.962635965721995,0.9807756560178879,0.9646027071697851,0.969338109636556
108,France,2021-10-31,7211532.0,117717.0,51744939.0,0.9787014742498542,0.9915899997451515,0.9824250831564416,0.9842388523838158
109,France,2021-11-30,7720283.0,119193.0,52384136.0,0.9341020270889033,0.9876167224585336,0.9877978898038903,0.9698388797837757
110,France,2021-12-31,10018021.0,123805.0,53068046.0,0.7706395305020822,0.9627478696336982,0.9871125837194006,0.906833327951727
111,France,2022-01-27,18174674.0,130082.0,53709809.0,0.5512077410576938,0.9517458218662075,0.988051288732008,0.8303349505519697
113,Hungary,2021-01-31,367586.0,12524.0,237872.0,0.8614827550559597,0.7314755669115298,0.0,0.5309861073224965
114,Hungary,2021-02-28,428599.0,14974.0,685247.0,0.8576454914733819,0.8363830639775611,0.3471332234945939,0.6803872596485122
115,Hungary,2021-03-31,652433.0,20737.0,2065948.0,0.6569241592623304,0.722090948546077,0.33168647032742354,0.5702338593786104
116,Hungary,2021-04-30,779348.0,27540.0,4023137.0,0.8371523375950153,0.7529774872912128,0.5135166910796227,0.7012155053219503
117,Hungary,2021-05-31,804538.0,29733.0,5176630.0,0.9686901053772475,0.9262435677530018,0.7771729870591485,0.8907022200631326
118,Hungary,2021-06-05,805871.0,29842.0,5260418.0,0.9983458891063209,0.9963474297969305,0.9840719881956149,0.9929217690329555
119,Hungary,2021-09-28,821526.0,30179.0,5884183.0,0.9809439993378176,0.9888332946751052,0.8939929298595913,0.9545900746241713
120,Hungary,2021-10-31,863419.0,30729.0,5955207.0,0.9514801040977787,0.9821015978391747,0.988073630354075,0.9738851107636761
121,Hungary,2021-11-29,1096718.0,34326.0,6126420.0,0.7872753068701344,0.8952106275126727,0.9720533362061367,0.8848464235296478
122,Hungary,2021-12-20,1228400.0,37896.0,6232575.0,0.8928020188863562,0.905794806839772,0.9829677139865947,0.927188179904241
123,Hungary,2022-01-24,1441385.0,40944.0,6344089.0,0.8522358703607988,0.9255568581477139,0.9824223777440702,0.9200717020841944
125,Ireland,2021-01-31,196547.0,3307.0,156071.0,0.46695701282644864,0.6764439068642274,0.014756104593422225,0.38605234142803274
126,Ireland,2021-02-28,219592.0,4319.0,315295.0,0.8950553754235127,0.765686501504978,0.49499992070917714,0.7185805992125559
127,Ireland,2021-03-31,235854.0,4687.0,665832.0,0.9310505651801538,0.9214849583955622,0.4735353662785808,0.7753569632847657
128,Ireland,2021-04-30,248870.0,4903.0,1193702.0,0.9476996022019528,0.9559453395880073,0.5577874544903166,0.8204774654267589
129,Ireland,2021-05-31,262043.0,4941.0,2100212.0,0.9497296245272723,0.9923092491398502,0.5683721452881899,0.8368036729851042
130,Ireland,2021-06-30,271908.0,4998.0,2656083.0,0.9637193462494668,0.9885954381752701,0.7907177599495196,0.9143441814580854
131,Ireland,2021-07-31,300976.0,5035.0,3371322.0,0.9034208707671043,0.9926514399205562,0.7878461327633492,0.8946394811503365
132,Ireland,2021-08-31,352447.0,5092.0,3720169.0,0.8539610210896957,0.9888059701492538,0.9062281847948306,0.9163317253445934
133,Ireland,2021-09-30,389932.0,5249.0,3795066.0,0.9038678538822154,0.9700895408649266,0.9802646383488456,0.9514073443653291
134,Ireland,2021-10-30,443631.0,5436.0,3835062.0,0.8789557086858222,0.9655997056659308,0.9895709639114049,0.944708792754386
135,Ireland,2021-11-30,570115.0,5652.0,3876651.0,0.7781430062355841,0.9617834394904459,0.9892719256904994,0.9097327904721765
136,Ireland,2021-12-31,788559.0,5912.0,3902701.0,0.7229833151355828,0.956021650879567,0.9933251355919913,0.8907767005357137
137,Ireland,2022-01-27,1164536.0,6136.0,4013850.0,0.6771443733813296,0.9634941329856584,0.9723086313639024,0.8709823792436301
139,Italy,2021-01-31,2553032.0,88516.0,1397625.0,0.8253582407114365,0.8378033349902843,0.029170914944995976,0.5641108302155722
140,Italy,2021-02-28,2925265.0,97699.0,2996251.0,0.872752383117427,0.9060072262766251,0.4664579169101654,0.7484058421014058
141,Italy,2021-03-31,3584899.0,109346.0,7241776.0,0.8159964897197941,0.8934849011395022,0.4137453298748815,0.707742240244726
142,Italy,2021-04-30,4022653.0,120807.0,14319106.0,0.8911777873955322,0.9051296696383487,0.5057421880947037,0.7673498817095282
143,Italy,2021-05-31,4217821.0,126128.0,23811457.0,0.9537277660668861,0.9578126982113409,0.6013536256937154,0.8376313633239808
144,Italy,2021-06-30,4259909.0,127566.0,34436416.0,0.9901199767412872,0.9887274038536914,0.6914615330468769,0.8901029712139518
145,Italy,2021-07-31,4350028.0,128063.0,38570161.0,0.9792831218557674,0.9961190976316344,0.8928253112555066,0.9560758435809694
146,Italy,2021-08-31,4539991.0,129221.0,42733475.0,0.9581578465684183,0.9910386082757446,0.9025748783594126,0.9505904444011919
147,Italy,2021-09-30,4672355.0,130921.0,45284018.0,0.9716708169648924,0.9870150701568121,0.9436767514755426,0.9674542128657491
148,Italy,2021-10-31,4771965.0,132100.0,46660679.0,0.9791259994572467,0.9910749432248297,0.9704963358977267,0.9802324261932677
149,Italy,2021-11-30,5028547.0,133828.0,47262705.0,0.9489749225770386,0.9870879038766177,0.987262134065327,0.9744416535063278
150,Italy,2021-12-31,6125683.0,137402.0,48390891.0,0.8208957270560687,0.9739887337884456,0.9766859841452392,0.9238568149965846
151,Italy,2022-01-28,10683948.0,145537.0,50072932.0,0.5733538763011576,0.9441035612936917,0.9664081783746955,0.8279552053231817
153,Latvia,2021-01-31,66241.0,1195.0,17439.0,0.6175027550912576,0.5313807531380753,0.13366592121107862,0.4275164764801372
154,Latvia,2021-02-28,86186.0,1618.0,46570.0,0.7685819042535911,0.738566131025958,0.37446854197981533,0.6272055257531214
155,Latvia,2021-03-31,102363.0,1899.0,118237.0,0.8419643816613425,0.85202738283307,0.3938699391899321,0.695953901228115
156,Latvia,2021-04-30,118558.0,2131.0,267453.0,0.8634001923109365,0.8911309244486156,0.4420851514097804,0.7322054227231108
157,Latvia,2021-05-31,133199.0,2376.0,508325.0,0.8900817573705508,0.8968855218855218,0.5261456745192544,0.7710376512584424
158,Latvia,2021-06-30,137429.0,2513.0,624559.0,0.9692204702064339,0.945483485873458,0.813894283806654,0.9095327466288486
159,Latvia,2021-07-31,138863.0,2556.0,735308.0,0.9896732750984784,0.9831768388106417,0.8493842036262356,0.9407447725117852
160,Latvia,2021-08-31,142637.0,2578.0,826301.0,0.9735412270308546,0.991466252909232,0.889879111849072,0.9516288639297196
161,Latvia,2021-09-30,158291.0,2717.0,915790.0,0.9011061904972487,0.9488406330511594,0.9022821825964468,0.9174096687149517
162,Latvia,2021-10-31,219139.0,3253.0,1162198.0,0.7223314882334957,0.8352290193667384,0.7879810497006534,0.7818471857669625
163,Latvia,2021-11-30,253659.0,4179.0,1277255.0,0.8639117870842351,0.7784158889686528,0.9099185362359121,0.8507487374296
164,Latvia,2021-12-31,276674.0,4570.0,1314683.0,0.9168154579035255,0.9144420131291029,0.9715307796632344,0.9342627502319543
165,Latvia,2022-01-28,372503.0,4855.0,1336451.0,0.7427430114656794,0.94129763130793,0.9837120852167419,0.8892509093301171
167,Lithuania,2021-01-31,182543.0,2808.0,72484.0,0.7776523887522392,0.6396011396011396,0.13458142486617736,0.5172783177398521
168,Lithuania,2021-02-28,199145.0,3244.0,166519.0,0.9166336086770945,0.8655980271270037,0.43528966664464713,0.7391737674829151
169,Lithuania,2021-03-31,216119.0,3574.0,353432.0,0.9214599364239145,0.9076664801343033,0.4711486226487698,0.7667583464023292
170,Lithuania,2021-04-30,247269.0,3923.0,690014.0,0.8740238363887103,0.9110374713229671,0.5122098971904918,0.7657570683007231
171,Lithuania,2021-05-31,274383.0,4266.0,1020086.0,0.9011819245361411,0.9195968120018753,0.6764272816213535,0.8324020060531233
172,Lithuania,2021-06-30,278769.0,4383.0,1241857.0,0.984266543267006,0.973305954825462,0.8214198575198272,0.9263307852040984
173,Lithuania,2021-07-31,282818.0,4415.0,1415127.0,0.985683372345466,0.9927519818799547,0.8775586926120412,0.9519980156124873
174,Lithuania,2021-08-31,298825.0,4561.0,1659901.0,0.9464335313310466,0.9679894759921069,0.8525369886517329,0.9223199986582955
175,Lithuania,2021-09-30,331683.0,4993.0,1749171.0,0.9009355318180311,0.913478870418586,0.9489643951334661,0.9211262657900278
176,Lithuania,2021-10-31,408715.0,5873.0,1812153.0,0.8115263692303928,0.8501617571939384,0.9652446564942364,0.875644260972856
177,Lithuania,2021-11-30,470298.0,6737.0,1870472.0,0.8690553648962998,0.8717530057889268,0.9688212387033861,0.9032098697962042
178,Lithuania,2021-12-31,519597.0,7387.0,1917650.0,0.905120699311197,0.9120075808853391,0.9753980131932313,0.9308420977965891
179,Lithuania,2022-01-27,639527.0,7815.0,1941070.0,0.8124707791852416,0.945233525271913,0.9879344897401948,0.9152129313991164
181,Luxembourg,2021-01-30,50388.0,577.0,10752.0,0.9211518615543384,0.8578856152512998,0.11635044642857142,0.6317959744114032
182,Luxembourg,2021-02-27,55110.0,637.0,27101.0,0.9143168209036473,0.9058084772370487,0.3967381277443637,0.7389544752950199
183,Luxembourg,2021-03-31,61642.0,746.0,73151.0,0.8940332889912722,0.853887399463807,0.3704802395045864,0.706133642653222
184,Luxembourg,2021-04-30,67205.0,796.0,144385.0,0.9172234208764228,0.9371859296482412,0.5066385012293521,0.787015950584672
185,Luxembourg,2021-05-31,69932.0,815.0,229698.0,0.9610049762626551,0.9766871165644172,0.6285862306158522,0.8554261078143082
186,Luxembourg,2021-06-30,70787.0,818.0,341052.0,0.987921511011909,0.9963325183374083,0.6734984694416101,0.8859174995969757
187,Luxembourg,2021-07-31,73870.0,822.0,393353.0,0.958264518749154,0.9951338199513382,0.8670380040320018,0.940145447577498
188,Luxembourg,2021-08-31,75760.0,830.0,406751.0,0.9750527983104541,0.9903614457831326,0.9670609291679676,0.977491724420518
189,Luxembourg,2021-09-30,78219.0,835.0,418584.0,0.9685626254490597,0.9940119760479041,0.971730883168014,0.9781018282216593
190,Luxembourg,2021-10-30,81683.0,843.0,433758.0,0.9575921550383801,0.9905100830367735,0.9650173599103647,0.9710398659951728
191,Luxembourg,2021-11-30,89181.0,875.0,446898.0,0.9159237954272771,0.9634285714285714,0.9705973175086933,0.9499832281215138
192,Luxembourg,2021-12-31,103766.0,915.0,464443.0,0.8594433629512557,0.9562841530054644,0.9622235667240113,0.9259836942269105
193,Luxembourg,2022-01-22,137570.0,943.0,474517.0,0.7542778221996075,0.9703075291622482,0.9787699913807092,0.9011184475808549
195,Malta,2021-02-28,22482.0,315.0,51576.0,0.7963259496486078,0.8476190476190476,0.46166821777570966,0.7018710716811217
196,Malta,2021-03-31,29033.0,392.0,142805.0,0.774360210794613,0.8035714285714286,0.3611638247960506,0.6463651547206974
197,Malta,2021-04-30,30292.0,413.0,228810.0,0.9584378713851842,0.9491525423728814,0.6241204492810629,0.8439036210130428
198,Malta,2021-05-31,30535.0,419.0,318743.0,0.9920419191092189,0.9856801909307876,0.7178510586899163,0.8985243895766409
199,Malta,2021-06-30,30623.0,420.0,359169.0,0.9971263429448454,0.9976190476190476,0.8874457428118796,0.9607303777919242
200,Malta,2021-07-31,34295.0,423.0,399690.0,0.8929289983962677,0.9929078014184397,0.8986189296704946,0.9281519098284007
201,Malta,2021-08-31,36171.0,441.0,413985.0,0.948135246468165,0.9591836734693877,0.9654697633972246,0.9575962277782591
202,Malta,2021-09-27,37103.0,457.0,420499.0,0.9748807374066787,0.9649890590809628,0.9845088811150562,0.9747928925342325
203,Malta,2021-10-31,37653.0,461.0,430283.0,0.9853929301782063,0.9913232104121475,0.9772614767490233,0.9846592057797924
204,Malta,2021-11-30,39435.0,468.0,435775.0,0.9548117154811715,0.9850427350427351,0.9873971659686765,0.975750538830861
205,Malta,2021-12-31,52473.0,476.0,444615.0,0.75152935795552,0.9831932773109243,0.9801176298595414,0.9049467550419953
206,Malta,2022-01-27,66938.0,541.0,463231.0,0.7839045086497953,0.8798521256931608,0.9598127068352507,0.874523113726069
208,Norway,2021-01-31,62966.0,564.0,111617.0,0.7872026172855192,0.7730496453900709,0.021573774604226954,0.5272753457599391
209,Norway,2021-02-28,71006.0,622.0,342014.0,0.8867701321015126,0.9067524115755627,0.3263521376317928,0.7066248937696228
210,Norway,2021-03-31,96079.0,673.0,708413.0,0.7390376669199304,0.924219910846954,0.4827889945554359,0.7153488574407735
211,Norway,2021-04-30,112970.0,756.0,1408355.0,0.8504824289634416,0.8902116402116402,0.5030074093534656,0.7479004928428491
212,Norway,2021-05-31,125116.0,783.0,1671394.0,0.9029220883020557,0.9655172413793104,0.8426229841677068,0.903687437949691
213,Norway,2021-06-30,131316.0,794.0,2677146.0,0.9527856468366384,0.9861460957178841,0.6243193311085761,0.8544170245543662
214,Norway,2021-07-31,137627.0,799.0,3617268.0,0.9541441722917742,0.9937421777221527,0.7401016457724449,0.8959959985954572
215,Norway,2021-08-31,160174.0,814.0,3882703.0,0.8592343326632287,0.9815724815724816,0.931636542892928,0.924147785709546
216,Norway,2021-09-30,189431.0,861.0,4180055.0,0.8455532621376649,0.9454123112659698,0.9288640938935014,0.9066098890990454
217,Norway,2021-10-31,207280.0,900.0,4214174.0,0.9138894249324585,0.9566666666666667,0.9919037514824969,0.9541532810272074
218,Norway,2021-11-30,267843.0,1054.0,4246891.0,0.7738861945244042,0.8538899430740038,0.992296246830917,0.8733574614764418
219,Norway,2021-12-31,394259.0,1305.0,4286789.0,0.6793579854866978,0.8076628352490421,0.9906928006020357,0.8259045404459252
220,Norway,2022-01-27,714532.0,1439.0,4313067.0,0.5517723488941013,0.9068797776233496,0.9939073517754303,0.8175198260976271
222,Poland,2021-01-31,1513385.0,37180.0,976367.0,0.8556170439114964,0.7679935449166219,0.048752159792373156,0.5574542495401639
223,Poland,2021-02-28,1706986.0,43769.0,2149607.0,0.8865831354211459,0.8494596632319679,0.4542072108994807,0.7300833365175315
224,Poland,2021-03-31,2321717.0,53045.0,4231313.0,0.7352256971887616,0.8251296069375059,0.5080236323807764,0.689459645502348
225,Poland,2021-04-29,2785353.0,67073.0,8597875.0,0.8335449761663961,0.7908547403575209,0.49213474259628104,0.7055114863733993
226,Poland,2021-05-31,2872283.0,73745.0,13707350.0,0.9697348764031957,0.9095260695640383,0.6272456018121665,0.8355021825931335
227,Poland,2021-06-30,2879912.0,75021.0,16890799.0,0.9973509607237999,0.982991429066528,0.8115276251881276,0.9306233383261517
228,Poland,2021-07-31,2882939.0,75261.0,18332060.0,0.9989500298133259,0.9968110973811137,0.9213803031410546,0.9723804767784981
229,Poland,2021-08-31,2888670.0,75345.0,19284686.0,0.9980160419847196,0.9988851284093171,0.9506019439466113,0.9825010381135494
230,Poland,2021-09-29,2905866.0,75623.0,19813605.0,0.9940823148761849,0.9963238697221745,0.9733052617128484,0.9879038154370692
231,Poland,2021-10-31,3025247.0,76999.0,20248449.0,0.9605384287630068,0.9821296380472474,0.9785245773639255,0.9737308813913931
232,Poland,2021-11-29,3520961.0,83055.0,20829997.0,0.8592105961980266,0.9270844621034254,0.9720812249756925,0.9194587610923816
233,Poland,2021-12-31,4108215.0,97054.0,21673668.0,0.8570537325821556,0.855760710532281,0.9610739169761205,0.8912961200301858
234,Poland,2022-01-27,4695435.0,104636.0,22269206.0,0.8749381047762348,0.9275392790244276,0.9732573312223166,0.9252449050076597
236,Portugal,2021-01-31,720516.0,12482.0,280829.0,0.5741413098390598,0.5532767184746035,0.1166154492591577,0.414677825857607
237,Portugal,2021-02-28,804562.0,16317.0,633888.0,0.8955381934518408,0.7649690506833364,0.44302621283255084,0.7011778189892427
238,Portugal,2021-03-31,821722.0,16848.0,1273051.0,0.9791170249792509,0.968482905982906,0.4979282055471462,0.8151760455031011
239,Portugal,2021-04-30,836493.0,16974.0,2455181.0,0.9823417530092899,0.9925768822905621,0.5185161501331267,0.8311449284776596
240,Portugal,2021-05-31,849093.0,17025.0,3913254.0,0.9851606361140652,0.9970044052863436,0.627401390249649,0.869855477216686
241,Portugal,2021-06-29,877195.0,17092.0,5455604.0,0.9679637936832746,0.9960800374444184,0.7172906977852498,0.8937781763043143
242,Portugal,2021-07-31,968631.0,17361.0,7066297.0,0.9056028559895357,0.9845055008352054,0.7720598214312249,0.8873893927519886
243,Portugal,2021-08-31,1037927.0,17743.0,8673190.0,0.933236152446174,0.9784703826861297,0.8147287214969348,0.9088117522097461
244,Portugal,2021-09-27,1067175.0,17955.0,8946296.0,0.9725930611193103,0.9881927039821776,0.9694727292725391,0.9767528314580091
245,Portugal,2021-10-25,1085451.0,18138.0,9017464.0,0.9831627590743387,0.9899106847502481,0.9921077588998415,0.988393734241476
246,Portugal,2021-11-30,1147249.0,18441.0,9132791.0,0.9461337512606244,0.9835692207580934,0.9873722063715243,0.9723583927967474
247,Portugal,2021-12-31,1389646.0,18955.0,0.0,0.825569245692788,0.9728831442891058,inf,inf
248,Portugal,2022-01-28,2507357.0,19788.0,9573472.0,0.554227419549749,0.9579037800687286,0.0,0.5040437332061591
250,Serbia,2021-02-28,459259.0,4443.0,924683.0,0.8576794357867783,0.9002925950934053,0.47300534345283735,0.7436591247776736
251,Serbia,2021-03-31,600596.0,5308.0,1428888.0,0.7646720923882276,0.8370384325546345,0.6471346949515987,0.7496150732981537
252,Serbia,2021-04-30,689557.0,6362.0,2026571.0,0.8709881851681587,0.8343288274127633,0.7050767034562322,0.8034645720123846
253,Serbia,2021-05-30,712224.0,6854.0,2516852.0,0.9681743384103877,0.9282170995039393,0.8052007031005399,0.9005307136716224
254,Serbia,2021-06-20,715753.0,7001.0,2693998.0,0.9950695281752224,0.9790029995714898,0.9342441976571624,0.9694389084679581
255,Serbia,2021-07-31,721918.0,7114.0,2835895.0,0.9914602489479415,0.9841158279448974,0.9499639443632434,0.9751800070853608
256,Serbia,2021-08-30,759952.0,7278.0,2923123.0,0.9499521022380361,0.9774663369057434,0.9701593124887321,0.9658592505441704
257,Serbia,2021-09-30,941989.0,8234.0,3040293.0,0.8067525204646764,0.8838960408064125,0.9614609512964705,0.8840365041891864
258,Serbia,2021-10-30,1137820.0,9890.0,3153364.0,0.8278892970768663,0.8325581395348837,0.9641427377239037,0.8748633914452179
259,Serbia,2021-11-30,1254845.0,11691.0,3263835.0,0.9067414700620395,0.8459498759729707,0.9661530071219899,0.9062814510523335
260,Serbia,2021-12-28,1293394.0,12645.0,3309157.0,0.9701954702124798,0.9245551601423487,0.9863040647512342,0.9603515650353542
261,Serbia,2022-01-27,1616584.0,13417.0,3331955.0,0.80007843700049,0.9424610568681523,0.9931577707382002,0.9118990882022807
263,Slovenia,2021-01-31,166473.0,3503.0,55484.0,0.7337646345052952,0.7699115044247787,0.2071047509191839,0.5702602966164193
264,Slovenia,2021-02-28,190081.0,3836.0,125183.0,0.875800316707088,0.9131908237747653,0.4432231213503431,0.7440714206107323
265,Slovenia,2021-03-31,215602.0,4047.0,258278.0,0.8816291129024777,0.9478626142821843,0.48468317084691687,0.7713916326771929
266,Slovenia,2021-04-30,240292.0,4250.0,430759.0,0.8972500124848102,0.9522352941176471,0.5995881687904373,0.8163578251309649
267,Slovenia,2021-05-31,253722.0,4375.0,673509.0,0.947068050858814,0.9714285714285714,0.6395742298915085,0.8526902840596313
268,Slovenia,2021-06-30,257335.0,4419.0,838657.0,0.9859599354926458,0.9900429961529758,0.8030804011651963,0.9263611109369393
269,Slovenia,2021-07-31,259215.0,4429.0,944328.0,0.9927473332947553,0.9977421539850982,0.8880992621207885,0.9595295831335474
270,Slovenia,2021-08-31,267198.0,4450.0,1023567.0,0.9701232793658635,0.9952808988764045,0.9225854291902729,0.9626632024775136
271,Slovenia,2021-09-30,293364.0,4561.0,1165724.0,0.9108070519900192,0.9756632317474239,0.8780526093655102,0.9215076310343178
272,Slovenia,2021-10-31,335850.0,4745.0,1188926.0,0.873497096918267,0.961222339304531,0.9804849082280983,0.9384014481502988
273,Slovenia,2021-11-30,420898.0,5224.0,1231897.0,0.7979367922869673,0.9083078101071975,0.965118025289452,0.8904542092278723
274,Slovenia,2021-12-31,464048.0,5589.0,1250475.0,0.9070139295934904,0.9346931472535337,0.9851432455666846,0.9422834408045695
275,Slovenia,2022-01-28,673154.0,5835.0,0.0,0.6893638008538908,0.957840616966581,inf,inf
277,Spain,2021-02-28,3188553.0,69142.0,2567617.0,0.8603021495957571,0.8434670677735674,0.48736591166050075,0.7303783763432752
278,Spain,2021-03-31,3284353.0,75459.0,5314076.0,0.9708313935804099,0.9162856650631469,0.48317280370096327,0.7900966207815067
279,Spain,2021-04-29,3514942.0,78080.0,11763360.0,0.9343974950369025,0.9664318647540984,0.4517481399872145,0.7841924999260718
280,Spain,2021-05-31,3678390.0,79953.0,18178604.0,0.9555653424460158,0.976573737070529,0.6470991941955498,0.8597460912373648
281,Spain,2021-06-30,3808960.0,80875.0,25627278.0,0.9657203016046375,0.9885996908809892,0.709345877466971,0.8878886233175326
282,Spain,2021-07-29,4422291.0,81442.0,31851618.0,0.8613092173264943,0.9930379902261732,0.804583239696018,0.8863101490828953
283,Spain,2021-08-31,4855065.0,84340.0,36533328.0,0.9108613375928025,0.9656390799146313,0.8718509849417496,0.9161171341497277
284,Spain,2021-09-30,4959091.0,86415.0,37702384.0,0.9790231717869263,0.9759879650523636,0.9689925178206238,0.9746678848866379
285,Spain,2021-10-30,5011148.0,87368.0,38037531.0,0.9896117616163003,0.9890921161065837,0.9911890443152054,0.9899643073460297
286,Spain,2021-11-30,5164184.0,88052.0,38356928.0,0.970365889364128,0.9922318629900513,0.9916730297066543,0.9847569273536112
287,Spain,2021-12-29,6133057.0,89331.0,39664717.0,0.8420244586019664,0.9856824618553469,0.9670289088410741,0.9315786097661292
288,Spain,2022-01-27,9660208.0,92767.0,40884275.0,0.6348783587268514,0.9629609667230804,0.9701704873083845,0.8560032709194388
290,Switzerland,2021-01-31,521320.0,9523.0,302566.0,0.8675976367682038,0.8267352724981624,0.02076902229596187,0.5717006438541093
291,Switzerland,2021-02-28,554932.0,10016.0,552624.0,0.9394304166997037,0.9507787539936102,0.5475078896320101,0.8125723534417747
292,Switzerland,2021-03-31,601124.0,10297.0,976270.0,0.9231572853521071,0.9727104982033602,0.5660565212492445,0.8206414349349039
293,Switzerland,2021-04-30,659974.0,10555.0,1841164.0,0.9108298205686891,0.9755566082425391,0.5302460834559007,0.8055441707557097
294,Switzerland,2021-05-31,694740.0,10712.0,3135755.0,0.949958257765495,0.9853435399551904,0.587151738576515,0.8408178454324001
295,Switzerland,2021-06-30,703004.0,10773.0,4387100.0,0.9882447326046508,0.994337696092082,0.7147671582594425,0.8991165289853917
296,Switzerland,2021-07-31,717665.0,10793.0,4739793.0,0.9795712484237075,0.9981469470953396,0.9255889444960993,0.9677690466717155
297,Switzerland,2021-08-31,779666.0,10899.0,5050533.0,0.9204774865134557,0.9902743370951463,0.9384738204858775,0.9497418813648265
298,Switzerland,2021-09-30,840363.0,11087.0,5564831.0,0.9277728791010551,0.9830432037521422,0.9075806614792076,0.939465581444135
299,Switzerland,2021-10-31,872558.0,11234.0,5751523.0,0.9631027393021439,0.9869147231618302,0.9675404236408339,0.9725192953682694
300,Switzerland,2021-11-30,1014662.0,11522.0,5868034.0,0.8599494215807826,0.9750043395243881,0.9801447980703588,0.9383661863918432
301,Switzerland,2021-12-31,1332615.0,12217.0,5976600.0,0.7614067078638617,0.9431120569697962,0.9818348224743165,0.8954511957693247
302,Switzerland,2022-01-27,2091306.0,12666.0,6065272.0,0.6372166483527518,0.9645507658297805,0.9853803753566205,0.862382596513051
304,United Kingdom,2021-02-28,4180592.0,122935.0,20275451.0,0.9139535740392748,0.8641965266197584,0.4585035864307038,0.7455512290299123
305,United Kingdom,2021-03-31,4349837.0,126799.0,31147444.0,0.9610916455030384,0.9695265735534192,0.6509507168549689,0.8605229786371421
306,United Kingdom,2021-04-30,4420678.0,127603.0,34362205.0,0.9839750825552098,0.9936992076988785,0.9064448570748006,0.9613730491096296
307,United Kingdom,2021-05-31,4491405.0,127868.0,39477158.0,0.9842528117593492,0.9979275502862327,0.8704325929440007,0.9508709849965276
308,United Kingdom,2021-06-30,4805290.0,128226.0,44860978.0,0.9346792805429017,0.9972080545287227,0.8799887956076214,0.9372920435597486
309,United Kingdom,2021-07-31,5865742.0,129741.0,46816382.0,0.8192126418107035,0.9883228894489792,0.9582324836635177,0.9219226716410667
310,United Kingdom,2021-08-31,6800189.0,132630.0,48087908.0,0.8625851428541177,0.9782175978285456,0.9735583007686672,0.9381203471504435
311,United Kingdom,2021-09-30,7818672.0,136759.0,48863490.0,0.8697370857864354,0.9698082027508245,0.9841275766426016,0.9412242883932871
312,United Kingdom,2021-10-31,9070699.0,140735.0,49987325.0,0.8619701745146653,0.9717483213131062,0.9775176007117804,0.9370786988465173
313,United Kingdom,2021-11-30,10246954.0,145073.0,50994257.0,0.8852093021984875,0.9700978128252673,0.9802540117409692,0.9451870422549079
314,United Kingdom,2021-12-31,12965393.0,148737.0,51786768.0,0.7903311530934697,0.9753659143320088,0.984696650696564,0.9167979060406809
315,United Kingdom,2022-01-27,16286017.0,155169.0,52297579.0,0.7961058250154105,0.9585484213986041,0.9902326071346439,0.9149622845162195
